{"biaoti": "\u7cbe\u534e-IMDB\u8bc4\u52068\u5206\u4ee5\u4e0a\u5f71\u7247300\u4f59\u90e8!", "link": "http://www.ygdy8.com/html/gndy/jddy/20160320/50541.html"}
{"biaoti": "2014\u5e74\u52a8\u4f5c\u300a\u767d\u5e7d\u7075\u4f20\u5947\u4e4b\u7edd\u547d\u9003\u4ea1\u300bBD\u4e2d\u82f1\u53cc\u5b57\u5e55", "link": "http://www.ygdy8.com/html/gndy/jddy/20150513/48095.html"}
{"biaoti": "2014\u5e74\u83b7\u5956\u5267\u60c5\u300a\u97e9\u516c\u4e3b\u300bBD\u4e2d\u6587\u5b57\u5e55", "link": "http://www.ygdy8.com/html/gndy/jddy/20141227/46981.html"}
{"biaoti": "2014\u5e74\u52a8\u753b\u300a\u65b0\u5927\u5934\u513f\u5b50\u548c\u5c0f\u5934\u7238\u7238\u4e4b\u79d8\u5bc6\u8ba1\u5212\u300bHD\u56fd\u8bed\u4e2d\u5b57", "link": "http://www.ygdy8.com/html/gndy/jddy/20141224/46963.html"}
{"biaoti": "2014\u5e74\u52a8\u4f5c\u300a\u9ec4\u98de\u9e3f\u4e4b\u82f1\u96c4\u6709\u68a6\u300bHD\u56fd\u8bed\u4e2d\u5b57", "link": "http://www.ygdy8.com/html/gndy/jddy/20141222/46951.html"}
{"biaoti": "2012\u5e74\u5267\u60c5\u300a\u6885\u831c\u7684\u4e16\u754c/\u5355\u4eb2\u5c0f\u5c0f\u59d0\u300b720p.BD\u4e2d\u82f1\u53cc\u5b57\u5e55", "link": "http://www.ygdy8.com/html/gndy/jddy/20130730/42769.html"}
{"biaoti": "2012\u5e74\u60ca\u609a\u6050\u6016\u300a\u9ad8\u697c\u60ca\u9b42\u300b720p.BD\u4e2d\u82f1\u53cc\u5b57\u5e55", "link": "http://www.ygdy8.com/html/gndy/jddy/20130727/42752.html"}
{"biaoti": "[3GP-MP4\u624b\u673a\u7535\u5f71]", "link": "http://www.ygdy8.com/html/3gp/3gpmovie/index.html"}
{"biaoti": "[3GP-MP4\u624b\u673a\u7535\u5f71]", "link": "http://www.ygdy8.com/html/3gp/3gpmovie/index.html"}
{"biaoti": "[3GP-MP4\u624b\u673a\u7535\u5f71]", "link": "http://www.ygdy8.com/html/3gp/3gpmovie/index.html"}
{"biaoti": "[3GP-MP4\u624b\u673a\u7535\u5f71]", "link": "http://www.ygdy8.com/html/3gp/3gpmovie/index.html"}
{"biaoti": "[3GP-MP4\u624b\u673a\u7535\u5f71]", "link": "http://www.ygdy8.com/html/3gp/3gpmovie/index.html"}
{"biaoti": "[3GP-MP4\u624b\u673a\u7535\u5f71]", "link": "http://www.ygdy8.com/html/3gp/3gpmovie/index.html"}
{"biaoti": "[3GP-MP4\u624b\u673a\u7535\u5f71]", "link": "http://www.ygdy8.com/html/3gp/3gpmovie/index.html"}
{"biaoti": "[3GP-MP4\u624b\u673a\u7535\u5f71]", "link": "http://www.ygdy8.com/html/3gp/3gpmovie/index.html"}
{"biaoti": "[3GP-MP4\u624b\u673a\u7535\u5f71]", "link": "http://www.ygdy8.com/html/3gp/3gpmovie/index.html"}
{"biaoti": "[3GP-MP4\u624b\u673a\u7535\u5f71]", "link": "http://www.ygdy8.com/html/3gp/3gpmovie/index.html"}
{"biaoti": "[3GP-MP4\u624b\u673a\u7535\u5f71]", "link": "http://www.ygdy8.com/html/3gp/3gpmovie/index.html"}
{"biaoti": "[3GP-MP4\u624b\u673a\u7535\u5f71]", "link": "http://www.ygdy8.com/html/3gp/3gpmovie/index.html"}
{"biaoti": "[3GP-MP4\u624b\u673a\u7535\u5f71]", "link": "http://www.ygdy8.com/html/3gp/3gpmovie/index.html"}
{"biaoti": "[3GP-MP4\u624b\u673a\u7535\u5f71]", "link": "http://www.ygdy8.com/html/3gp/3gpmovie/index.html"}
{"biaoti": "[3GP-MP4\u624b\u673a\u7535\u5f71]", "link": "http://www.ygdy8.com/html/3gp/3gpmovie/index.html"}
{"biaoti": "[3GP-MP4\u624b\u673a\u7535\u5f71]", "link": "http://www.ygdy8.com/html/3gp/3gpmovie/index.html"}
{"biaoti": "[3GP-MP4\u624b\u673a\u7535\u5f71]", "link": "http://www.ygdy8.com/html/3gp/3gpmovie/index.html"}
{"biaoti": "[3GP-MP4\u624b\u673a\u7535\u5f71]", "link": "http://www.ygdy8.com/html/3gp/3gpmovie/index.html"}
{"biaoti": "[3GP-MP4\u624b\u673a\u7535\u5f71]", "link": "http://www.ygdy8.com/html/3gp/3gpmovie/index.html"}
{"biaoti": "[3GP-MP4\u624b\u673a\u7535\u5f71]", "link": "http://www.ygdy8.com/html/3gp/3gpmovie/index.html"}
{"biaoti": "[3GP-MP4\u624b\u673a\u7535\u5f71]", "link": "http://www.ygdy8.com/html/3gp/3gpmovie/index.html"}
{"biaoti": "[3GP-MP4\u624b\u673a\u7535\u5f71]", "link": "http://www.ygdy8.com/html/3gp/3gpmovie/index.html"}
{"biaoti": "[3GP-MP4\u624b\u673a\u7535\u5f71]", "link": "http://www.ygdy8.com/html/3gp/3gpmovie/index.html"}
{"biaoti": "[3GP-MP4\u624b\u673a\u7535\u5f71]", "link": "http://www.ygdy8.com/html/3gp/3gpmovie/index.html"}
{"biaoti": "[3GP-MP4\u624b\u673a\u7535\u5f71]", "link": "http://www.ygdy8.com/html/3gp/3gpmovie/index.html"}
{"biaoti": "[3GP-MP4\u624b\u673a\u7535\u5f71]", "link": "http://www.ygdy8.com/html/3gp/3gpmovie/index.html"}
{"biaoti": "[3GP-MP4\u624b\u673a\u7535\u5f71]", "link": "http://www.ygdy8.com/html/3gp/3gpmovie/index.html"}
{"biaoti": "[3GP-MP4\u624b\u673a\u7535\u5f71]", "link": "http://www.ygdy8.com/html/3gp/3gpmovie/index.html"}
{"biaoti": "[3GP-MP4\u624b\u673a\u7535\u5f71]", "link": "http://www.ygdy8.com/html/3gp/3gpmovie/index.html"}
{"biaoti": "[3GP-MP4\u624b\u673a\u7535\u5f71]", "link": "http://www.ygdy8.com/html/3gp/3gpmovie/index.html"}
{"biaoti": "[3GP-MP4\u624b\u673a\u7535\u5f71]", "link": "http://www.ygdy8.com/html/3gp/3gpmovie/index.html"}
{"biaoti": "[3GP-MP4\u624b\u673a\u7535\u5f71]", "link": "http://www.ygdy8.com/html/3gp/3gpmovie/index.html"}
{"biaoti": "[3GP-MP4\u624b\u673a\u7535\u5f71]", "link": "http://www.ygdy8.com/html/3gp/3gpmovie/index.html"}
{"biaoti": "[3GP-MP4\u624b\u673a\u7535\u5f71]", "link": "http://www.ygdy8.com/html/3gp/3gpmovie/index.html"}
{"biaoti": "[3GP-MP4\u624b\u673a\u7535\u5f71]", "link": "http://www.ygdy8.com/html/3gp/3gpmovie/index.html"}
{"biaoti": "[3GP-MP4\u624b\u673a\u7535\u5f71]", "link": "http://www.ygdy8.com/html/3gp/3gpmovie/index.html"}
{"biaoti": "[3GP-MP4\u624b\u673a\u7535\u5f71]", "link": "http://www.ygdy8.com/html/3gp/3gpmovie/index.html"}
{"biaoti": "[3GP-MP4\u624b\u673a\u7535\u5f71]", "link": "http://www.ygdy8.com/html/3gp/3gpmovie/index.html"}
{"biaoti": "[3GP-MP4\u624b\u673a\u7535\u5f71]", "link": "http://www.ygdy8.com/html/3gp/3gpmovie/index.html"}
{"biaoti": "[3GP-MP4\u624b\u673a\u7535\u5f71]", "link": "http://www.ygdy8.com/html/3gp/3gpmovie/index.html"}
{"biaoti": "[3GP-MP4\u624b\u673a\u7535\u5f71]", "link": "http://www.ygdy8.com/html/3gp/3gpmovie/index.html"}
{"biaoti": "[3GP-MP4\u624b\u673a\u7535\u5f71]", "link": "http://www.ygdy8.com/html/3gp/3gpmovie/index.html"}
{"biaoti": "[3GP-MP4\u624b\u673a\u7535\u5f71]", "link": "http://www.ygdy8.com/html/3gp/3gpmovie/index.html"}
{"biaoti": "[3GP-MP4\u624b\u673a\u7535\u5f71]", "link": "http://www.ygdy8.com/html/3gp/3gpmovie/index.html"}
{"biaoti": "[3GP-MP4\u624b\u673a\u7535\u5f71]", "link": "http://www.ygdy8.com/html/3gp/3gpmovie/index.html"}
{"biaoti": "[3GP-MP4\u624b\u673a\u7535\u5f71]", "link": "http://www.ygdy8.com/html/3gp/3gpmovie/index.html"}
{"biaoti": "[3GP-MP4\u624b\u673a\u7535\u5f71]", "link": "http://www.ygdy8.com/html/3gp/3gpmovie/index.html"}
{"biaoti": "[3GP-MP4\u624b\u673a\u7535\u5f71]", "link": "http://www.ygdy8.com/html/3gp/3gpmovie/index.html"}
{"biaoti": "[3GP-MP4\u624b\u673a\u7535\u5f71]", "link": "http://www.ygdy8.com/html/3gp/3gpmovie/index.html"}
{"biaoti": "[3GP-MP4\u624b\u673a\u7535\u5f71]", "link": "http://www.ygdy8.com/html/3gp/3gpmovie/index.html"}
{"biaoti": "[3GP-MP4\u624b\u673a\u7535\u5f71]", "link": "http://www.ygdy8.com/html/3gp/3gpmovie/index.html"}
{"biaoti": "[3GP-MP4\u624b\u673a\u7535\u5f71]", "link": "http://www.ygdy8.com/html/3gp/3gpmovie/index.html"}
{"biaoti": "[3GP-MP4\u624b\u673a\u7535\u5f71]", "link": "http://www.ygdy8.com/html/3gp/3gpmovie/index.html"}
{"biaoti": "[3GP-MP4\u624b\u673a\u7535\u5f71]", "link": "http://www.ygdy8.com/html/3gp/3gpmovie/index.html"}
{"biaoti": "[3GP-MP4\u624b\u673a\u7535\u5f71]", "link": "http://www.ygdy8.com/html/3gp/3gpmovie/index.html"}
{"biaoti": "[3GP-MP4\u624b\u673a\u7535\u5f71]", "link": "http://www.ygdy8.com/html/3gp/3gpmovie/index.html"}
{"biaoti": "[3GP-MP4\u624b\u673a\u7535\u5f71]", "link": "http://www.ygdy8.com/html/3gp/3gpmovie/index.html"}
{"biaoti": "[3GP-MP4\u624b\u673a\u7535\u5f71]", "link": "http://www.ygdy8.com/html/3gp/3gpmovie/index.html"}
{"biaoti": "[3GP-MP4\u624b\u673a\u7535\u5f71]", "link": "http://www.ygdy8.com/html/3gp/3gpmovie/index.html"}
{"biaoti": "[3GP-MP4\u624b\u673a\u7535\u5f71]", "link": "http://www.ygdy8.com/html/3gp/3gpmovie/index.html"}
{"biaoti": "[3GP-MP4\u624b\u673a\u7535\u5f71]", "link": "http://www.ygdy8.com/html/3gp/3gpmovie/index.html"}
{"biaoti": "[3GP-MP4\u624b\u673a\u7535\u5f71]", "link": "http://www.ygdy8.com/html/3gp/3gpmovie/index.html"}
{"biaoti": "[3GP-MP4\u624b\u673a\u7535\u5f71]", "link": "http://www.ygdy8.com/html/3gp/3gpmovie/index.html"}
{"biaoti": "[3GP-MP4\u624b\u673a\u7535\u5f71]", "link": "http://www.ygdy8.com/html/3gp/3gpmovie/index.html"}
{"biaoti": "[3GP-MP4\u624b\u673a\u7535\u5f71]", "link": "http://www.ygdy8.com/html/3gp/3gpmovie/index.html"}
{"biaoti": "[3GP-MP4\u624b\u673a\u7535\u5f71]", "link": "http://www.ygdy8.com/html/3gp/3gpmovie/index.html"}
{"biaoti": "[3GP-MP4\u624b\u673a\u7535\u5f71]", "link": "http://www.ygdy8.com/html/3gp/3gpmovie/index.html"}
{"biaoti": "[3GP-MP4\u624b\u673a\u7535\u5f71]", "link": "http://www.ygdy8.com/html/3gp/3gpmovie/index.html"}
{"biaoti": "[3GP-MP4\u624b\u673a\u7535\u5f71]", "link": "http://www.ygdy8.com/html/3gp/3gpmovie/index.html"}
{"biaoti": "[3GP-MP4\u624b\u673a\u7535\u5f71]", "link": "http://www.ygdy8.com/html/3gp/3gpmovie/index.html"}
{"biaoti": "[3GP-MP4\u624b\u673a\u7535\u5f71]", "link": "http://www.ygdy8.com/html/3gp/3gpmovie/index.html"}
{"biaoti": "[3GP-MP4\u624b\u673a\u7535\u5f71]", "link": "http://www.ygdy8.com/html/3gp/3gpmovie/index.html"}
{"biaoti": "[3GP-MP4\u624b\u673a\u7535\u5f71]", "link": "http://www.ygdy8.com/html/3gp/3gpmovie/index.html"}
{"biaoti": "[3GP-MP4\u624b\u673a\u7535\u5f71]", "link": "http://www.ygdy8.com/html/3gp/3gpmovie/index.html"}
{"biaoti": "[3GP-MP4\u624b\u673a\u7535\u5f71]", "link": "http://www.ygdy8.com/html/3gp/3gpmovie/index.html"}
{"biaoti": "[3GP-MP4\u624b\u673a\u7535\u5f71]", "link": "http://www.ygdy8.com/html/3gp/3gpmovie/index.html"}
{"biaoti": "[3GP-MP4\u624b\u673a\u7535\u5f71]", "link": "http://www.ygdy8.com/html/3gp/3gpmovie/index.html"}
{"biaoti": "[3GP-MP4\u624b\u673a\u7535\u5f71]", "link": "http://www.ygdy8.com/html/3gp/3gpmovie/index.html"}
{"biaoti": "[3GP-MP4\u624b\u673a\u7535\u5f71]", "link": "http://www.ygdy8.com/html/3gp/3gpmovie/index.html"}
{"biaoti": "[3GP-MP4\u624b\u673a\u7535\u5f71]", "link": "http://www.ygdy8.com/html/3gp/3gpmovie/index.html"}
{"biaoti": "[3GP-MP4\u624b\u673a\u7535\u5f71]", "link": "http://www.ygdy8.com/html/3gp/3gpmovie/index.html"}
{"biaoti": "[3GP-MP4\u624b\u673a\u7535\u5f71]", "link": "http://www.ygdy8.com/html/3gp/3gpmovie/index.html"}
{"biaoti": "[3GP-MP4\u624b\u673a\u7535\u5f71]", "link": "http://www.ygdy8.com/html/3gp/3gpmovie/index.html"}
{"biaoti": "[3GP-MP4\u624b\u673a\u7535\u5f71]", "link": "http://www.ygdy8.com/html/3gp/3gpmovie/index.html"}
{"biaoti": "[3GP-MP4\u624b\u673a\u7535\u5f71]", "link": "http://www.ygdy8.com/html/3gp/3gpmovie/index.html"}
{"biaoti": "[3GP-MP4\u624b\u673a\u7535\u5f71]", "link": "http://www.ygdy8.com/html/3gp/3gpmovie/index.html"}
{"biaoti": "[3GP-MP4\u624b\u673a\u7535\u5f71]", "link": "http://www.ygdy8.com/html/3gp/3gpmovie/index.html"}
{"biaoti": "[3GP-MP4\u624b\u673a\u7535\u5f71]", "link": "http://www.ygdy8.com/html/3gp/3gpmovie/index.html"}
{"biaoti": "[3GP-MP4\u624b\u673a\u7535\u5f71]", "link": "http://www.ygdy8.com/html/3gp/3gpmovie/index.html"}
{"biaoti": "[3GP-MP4\u624b\u673a\u7535\u5f71]", "link": "http://www.ygdy8.com/html/3gp/3gpmovie/index.html"}
{"biaoti": "[3GP-MP4\u624b\u673a\u7535\u5f71]", "link": "http://www.ygdy8.com/html/3gp/3gpmovie/index.html"}
{"biaoti": "[3GP-MP4\u624b\u673a\u7535\u5f71]", "link": "http://www.ygdy8.com/html/3gp/3gpmovie/index.html"}
{"biaoti": "[3GP-MP4\u624b\u673a\u7535\u5f71]", "link": "http://www.ygdy8.com/html/3gp/3gpmovie/index.html"}
{"biaoti": "[3GP-MP4\u624b\u673a\u7535\u5f71]", "link": "http://www.ygdy8.com/html/3gp/3gpmovie/index.html"}
{"biaoti": "[3GP-MP4\u624b\u673a\u7535\u5f71]", "link": "http://www.ygdy8.com/html/3gp/3gpmovie/index.html"}
{"biaoti": "[3GP-MP4\u624b\u673a\u7535\u5f71]", "link": "http://www.ygdy8.com/html/3gp/3gpmovie/index.html"}
{"biaoti": "[3GP-MP4\u624b\u673a\u7535\u5f71]", "link": "http://www.ygdy8.com/html/3gp/3gpmovie/index.html"}
{"biaoti": "[3GP-MP4\u624b\u673a\u7535\u5f71]", "link": "http://www.ygdy8.com/html/3gp/3gpmovie/index.html"}
{"biaoti": "[3GP-MP4\u624b\u673a\u7535\u5f71]", "link": "http://www.ygdy8.com/html/3gp/3gpmovie/index.html"}
{"biaoti": "[3GP-MP4\u624b\u673a\u7535\u5f71]", "link": "http://www.ygdy8.com/html/3gp/3gpmovie/index.html"}
{"biaoti": "[3GP-MP4\u624b\u673a\u7535\u5f71]", "link": "http://www.ygdy8.com/html/3gp/3gpmovie/index.html"}
{"biaoti": "[3GP-MP4\u624b\u673a\u7535\u5f71]", "link": "http://www.ygdy8.com/html/3gp/3gpmovie/index.html"}
{"biaoti": "[3GP-MP4\u624b\u673a\u7535\u5f71]", "link": "http://www.ygdy8.com/html/3gp/3gpmovie/index.html"}
{"biaoti": "[3GP-MP4\u624b\u673a\u7535\u5f71]", "link": "http://www.ygdy8.com/html/3gp/3gpmovie/index.html"}
{"biaoti": "[3GP-MP4\u624b\u673a\u7535\u5f71]", "link": "http://www.ygdy8.com/html/3gp/3gpmovie/index.html"}
{"biaoti": "[3GP-MP4\u624b\u673a\u7535\u5f71]", "link": "http://www.ygdy8.com/html/3gp/3gpmovie/index.html"}
{"biaoti": "[3GP-MP4\u624b\u673a\u7535\u5f71]", "link": "http://www.ygdy8.com/html/3gp/3gpmovie/index.html"}
{"biaoti": "[3GP-MP4\u624b\u673a\u7535\u5f71]", "link": "http://www.ygdy8.com/html/3gp/3gpmovie/index.html"}
{"biaoti": "[3GP-MP4\u624b\u673a\u7535\u5f71]", "link": "http://www.ygdy8.com/html/3gp/3gpmovie/index.html"}
{"biaoti": "[3GP-MP4\u624b\u673a\u7535\u5f71]", "link": "http://www.ygdy8.com/html/3gp/3gpmovie/index.html"}
{"biaoti": "[3GP-MP4\u624b\u673a\u7535\u5f71]", "link": "http://www.ygdy8.com/html/3gp/3gpmovie/index.html"}
{"biaoti": "[3GP-MP4\u624b\u673a\u7535\u5f71]", "link": "http://www.ygdy8.com/html/3gp/3gpmovie/index.html"}
{"biaoti": "[3GP-MP4\u624b\u673a\u7535\u5f71]", "link": "http://www.ygdy8.com/html/3gp/3gpmovie/index.html"}
{"biaoti": "[3GP-MP4\u624b\u673a\u7535\u5f71]", "link": "http://www.ygdy8.com/html/3gp/3gpmovie/index.html"}
{"biaoti": "[3GP-MP4\u624b\u673a\u7535\u5f71]", "link": "http://www.ygdy8.com/html/3gp/3gpmovie/index.html"}
{"biaoti": "[3GP-MP4\u624b\u673a\u7535\u5f71]", "link": "http://www.ygdy8.com/html/3gp/3gpmovie/index.html"}
{"biaoti": "[3GP-MP4\u624b\u673a\u7535\u5f71]", "link": "http://www.ygdy8.com/html/3gp/3gpmovie/index.html"}
{"biaoti": "[3GP-MP4\u624b\u673a\u7535\u5f71]", "link": "http://www.ygdy8.com/html/3gp/3gpmovie/index.html"}
{"biaoti": "[3GP-MP4\u624b\u673a\u7535\u5f71]", "link": "http://www.ygdy8.com/html/3gp/3gpmovie/index.html"}
{"biaoti": "[3GP-MP4\u624b\u673a\u7535\u5f71]", "link": "http://www.ygdy8.com/html/3gp/3gpmovie/index.html"}
{"biaoti": "[3GP-MP4\u624b\u673a\u7535\u5f71]", "link": "http://www.ygdy8.com/html/3gp/3gpmovie/index.html"}
{"biaoti": "[3GP-MP4\u624b\u673a\u7535\u5f71]", "link": "http://www.ygdy8.com/html/3gp/3gpmovie/index.html"}
{"biaoti": "[3GP-MP4\u624b\u673a\u7535\u5f71]", "link": "http://www.ygdy8.com/html/3gp/3gpmovie/index.html"}
{"biaoti": "[3GP-MP4\u624b\u673a\u7535\u5f71]", "link": "http://www.ygdy8.com/html/3gp/3gpmovie/index.html"}
{"biaoti": "[3GP-MP4\u624b\u673a\u7535\u5f71]", "link": "http://www.ygdy8.com/html/3gp/3gpmovie/index.html"}
{"biaoti": "[3GP-MP4\u624b\u673a\u7535\u5f71]", "link": "http://www.ygdy8.com/html/3gp/3gpmovie/index.html"}
{"biaoti": "[3GP-MP4\u624b\u673a\u7535\u5f71]", "link": "http://www.ygdy8.com/html/3gp/3gpmovie/index.html"}
{"biaoti": "[3GP-MP4\u624b\u673a\u7535\u5f71]", "link": "http://www.ygdy8.com/html/3gp/3gpmovie/index.html"}
{"biaoti": "[3GP-MP4\u624b\u673a\u7535\u5f71]", "link": "http://www.ygdy8.com/html/3gp/3gpmovie/index.html"}
{"biaoti": "[3GP-MP4\u624b\u673a\u7535\u5f71]", "link": "http://www.ygdy8.com/html/3gp/3gpmovie/index.html"}
{"biaoti": "[3GP-MP4\u624b\u673a\u7535\u5f71]", "link": "http://www.ygdy8.com/html/3gp/3gpmovie/index.html"}
{"biaoti": "[3GP-MP4\u624b\u673a\u7535\u5f71]", "link": "http://www.ygdy8.com/html/3gp/3gpmovie/index.html"}
{"biaoti": "[3GP-MP4\u624b\u673a\u7535\u5f71]", "link": "http://www.ygdy8.com/html/3gp/3gpmovie/index.html"}
{"biaoti": "[3GP-MP4\u624b\u673a\u7535\u5f71]", "link": "http://www.ygdy8.com/html/3gp/3gpmovie/index.html"}
{"biaoti": "[3GP-MP4\u624b\u673a\u7535\u5f71]", "link": "http://www.ygdy8.com/html/3gp/3gpmovie/index.html"}
{"biaoti": "[3GP-MP4\u624b\u673a\u7535\u5f71]", "link": "http://www.ygdy8.com/html/3gp/3gpmovie/index.html"}
{"biaoti": "[3GP-MP4\u624b\u673a\u7535\u5f71]", "link": "http://www.ygdy8.com/html/3gp/3gpmovie/index.html"}
{"biaoti": "[3GP-MP4\u624b\u673a\u7535\u5f71]", "link": "http://www.ygdy8.com/html/3gp/3gpmovie/index.html"}
{"biaoti": "[3GP-MP4\u624b\u673a\u7535\u5f71]", "link": "http://www.ygdy8.com/html/3gp/3gpmovie/index.html"}
{"biaoti": "[3GP-MP4\u624b\u673a\u7535\u5f71]", "link": "http://www.ygdy8.com/html/3gp/3gpmovie/index.html"}
{"biaoti": "[3GP-MP4\u624b\u673a\u7535\u5f71]", "link": "http://www.ygdy8.com/html/3gp/3gpmovie/index.html"}
{"biaoti": "[3GP-MP4\u624b\u673a\u7535\u5f71]", "link": "http://www.ygdy8.com/html/3gp/3gpmovie/index.html"}
{"biaoti": "[3GP-MP4\u624b\u673a\u7535\u5f71]", "link": "http://www.ygdy8.com/html/3gp/3gpmovie/index.html"}
{"biaoti": "[3GP-MP4\u624b\u673a\u7535\u5f71]", "link": "http://www.ygdy8.com/html/3gp/3gpmovie/index.html"}
{"biaoti": "[3GP-MP4\u624b\u673a\u7535\u5f71]", "link": "http://www.ygdy8.com/html/3gp/3gpmovie/index.html"}
{"biaoti": "[3GP-MP4\u624b\u673a\u7535\u5f71]", "link": "http://www.ygdy8.com/html/3gp/3gpmovie/index.html"}
{"biaoti": "[3GP-MP4\u624b\u673a\u7535\u5f71]", "link": "http://www.ygdy8.com/html/3gp/3gpmovie/index.html"}
{"biaoti": "[3GP-MP4\u624b\u673a\u7535\u5f71]", "link": "http://www.ygdy8.com/html/3gp/3gpmovie/index.html"}
{"biaoti": "[3GP-MP4\u624b\u673a\u7535\u5f71]", "link": "http://www.ygdy8.com/html/3gp/3gpmovie/index.html"}
{"biaoti": "[3GP-MP4\u624b\u673a\u7535\u5f71]", "link": "http://www.ygdy8.com/html/3gp/3gpmovie/index.html"}
{"biaoti": "[3GP-MP4\u624b\u673a\u7535\u5f71]", "link": "http://www.ygdy8.com/html/3gp/3gpmovie/index.html"}
{"biaoti": "[3GP-MP4\u624b\u673a\u7535\u5f71]", "link": "http://www.ygdy8.com/html/3gp/3gpmovie/index.html"}
{"biaoti": "[3GP-MP4\u624b\u673a\u7535\u5f71]", "link": "http://www.ygdy8.com/html/3gp/3gpmovie/index.html"}
{"biaoti": "[3GP-MP4\u624b\u673a\u7535\u5f71]", "link": "http://www.ygdy8.com/html/3gp/3gpmovie/index.html"}
{"biaoti": "[3GP-MP4\u624b\u673a\u7535\u5f71]", "link": "http://www.ygdy8.com/html/3gp/3gpmovie/index.html"}
{"biaoti": "[3GP-MP4\u624b\u673a\u7535\u5f71]", "link": "http://www.ygdy8.com/html/3gp/3gpmovie/index.html"}
{"biaoti": "[3GP-MP4\u624b\u673a\u7535\u5f71]", "link": "http://www.ygdy8.com/html/3gp/3gpmovie/index.html"}
{"biaoti": "[3GP-MP4\u624b\u673a\u7535\u5f71]", "link": "http://www.ygdy8.com/html/3gp/3gpmovie/index.html"}
{"biaoti": "[3GP-MP4\u624b\u673a\u7535\u5f71]", "link": "http://www.ygdy8.com/html/3gp/3gpmovie/index.html"}
{"biaoti": "[3GP-MP4\u624b\u673a\u7535\u5f71]", "link": "http://www.ygdy8.com/html/3gp/3gpmovie/index.html"}
{"biaoti": "[3GP-MP4\u624b\u673a\u7535\u5f71]", "link": "http://www.ygdy8.com/html/3gp/3gpmovie/index.html"}
{"biaoti": "[3GP-MP4\u624b\u673a\u7535\u5f71]", "link": "http://www.ygdy8.com/html/3gp/3gpmovie/index.html"}
{"biaoti": "[3GP-MP4\u624b\u673a\u7535\u5f71]", "link": "http://www.ygdy8.com/html/3gp/3gpmovie/index.html"}
{"biaoti": "[3GP-MP4\u624b\u673a\u7535\u5f71]", "link": "http://www.ygdy8.com/html/3gp/3gpmovie/index.html"}
{"biaoti": "[3GP-MP4\u624b\u673a\u7535\u5f71]", "link": "http://www.ygdy8.com/html/3gp/3gpmovie/index.html"}
{"biaoti": "[3GP-MP4\u624b\u673a\u7535\u5f71]", "link": "http://www.ygdy8.com/html/3gp/3gpmovie/index.html"}
{"biaoti": "[3GP-MP4\u624b\u673a\u7535\u5f71]", "link": "http://www.ygdy8.com/html/3gp/3gpmovie/index.html"}
{"biaoti": "[3GP-MP4\u624b\u673a\u7535\u5f71]", "link": "http://www.ygdy8.com/html/3gp/3gpmovie/index.html"}
{"biaoti": "[3GP-MP4\u624b\u673a\u7535\u5f71]", "link": "http://www.ygdy8.com/html/3gp/3gpmovie/index.html"}
{"biaoti": "[3GP-MP4\u624b\u673a\u7535\u5f71]", "link": "http://www.ygdy8.com/html/3gp/3gpmovie/index.html"}
{"biaoti": "[3GP-MP4\u624b\u673a\u7535\u5f71]", "link": "http://www.ygdy8.com/html/3gp/3gpmovie/index.html"}
{"biaoti": "[3GP-MP4\u624b\u673a\u7535\u5f71]", "link": "http://www.ygdy8.com/html/3gp/3gpmovie/index.html"}
{"biaoti": "[3GP-MP4\u624b\u673a\u7535\u5f71]", "link": "http://www.ygdy8.com/html/3gp/3gpmovie/index.html"}
{"biaoti": "[3GP-MP4\u624b\u673a\u7535\u5f71]", "link": "http://www.ygdy8.com/html/3gp/3gpmovie/index.html"}
{"biaoti": "[3GP-MP4\u624b\u673a\u7535\u5f71]", "link": "http://www.ygdy8.com/html/3gp/3gpmovie/index.html"}
{"biaoti": "[3GP-MP4\u624b\u673a\u7535\u5f71]", "link": "http://www.ygdy8.com/html/3gp/3gpmovie/index.html"}
{"biaoti": "[3GP-MP4\u624b\u673a\u7535\u5f71]", "link": "http://www.ygdy8.com/html/3gp/3gpmovie/index.html"}
{"biaoti": "[3GP-MP4\u624b\u673a\u7535\u5f71]", "link": "http://www.ygdy8.com/html/3gp/3gpmovie/index.html"}
{"biaoti": "[3GP-MP4\u624b\u673a\u7535\u5f71]", "link": "http://www.ygdy8.com/html/3gp/3gpmovie/index.html"}
{"biaoti": "[3GP-MP4\u624b\u673a\u7535\u5f71]", "link": "http://www.ygdy8.com/html/3gp/3gpmovie/index.html"}
{"biaoti": "[3GP-MP4\u624b\u673a\u7535\u5f71]", "link": "http://www.ygdy8.com/html/3gp/3gpmovie/index.html"}
{"biaoti": "[3GP-MP4\u624b\u673a\u7535\u5f71]", "link": "http://www.ygdy8.com/html/3gp/3gpmovie/index.html"}
{"biaoti": "[3GP-MP4\u624b\u673a\u7535\u5f71]", "link": "http://www.ygdy8.com/html/3gp/3gpmovie/index.html"}
{"biaoti": "[3GP-MP4\u624b\u673a\u7535\u5f71]", "link": "http://www.ygdy8.com/html/3gp/3gpmovie/index.html"}
{"biaoti": "[3GP-MP4\u624b\u673a\u7535\u5f71]", "link": "http://www.ygdy8.com/html/3gp/3gpmovie/index.html"}
{"biaoti": "[3GP-MP4\u624b\u673a\u7535\u5f71]", "link": "http://www.ygdy8.com/html/3gp/3gpmovie/index.html"}
{"biaoti": "[3GP-MP4\u624b\u673a\u7535\u5f71]", "link": "http://www.ygdy8.com/html/3gp/3gpmovie/index.html"}
{"biaoti": "[3GP-MP4\u624b\u673a\u7535\u5f71]", "link": "http://www.ygdy8.com/html/3gp/3gpmovie/index.html"}
{"biaoti": "[3GP-MP4\u624b\u673a\u7535\u5f71]", "link": "http://www.ygdy8.com/html/3gp/3gpmovie/index.html"}
{"biaoti": "[3GP-MP4\u624b\u673a\u7535\u5f71]", "link": "http://www.ygdy8.com/html/3gp/3gpmovie/index.html"}
{"biaoti": "[3GP-MP4\u624b\u673a\u7535\u5f71]", "link": "http://www.ygdy8.com/html/3gp/3gpmovie/index.html"}
{"biaoti": "[3GP-MP4\u624b\u673a\u7535\u5f71]", "link": "http://www.ygdy8.com/html/3gp/3gpmovie/index.html"}
{"biaoti": "[3GP-MP4\u624b\u673a\u7535\u5f71]", "link": "http://www.ygdy8.com/html/3gp/3gpmovie/index.html"}
{"biaoti": "[3GP-MP4\u624b\u673a\u7535\u5f71]", "link": "http://www.ygdy8.com/html/3gp/3gpmovie/index.html"}
{"biaoti": "[3GP-MP4\u624b\u673a\u7535\u5f71]", "link": "http://www.ygdy8.com/html/3gp/3gpmovie/index.html"}
{"biaoti": "[3GP-MP4\u624b\u673a\u7535\u5f71]", "link": "http://www.ygdy8.com/html/3gp/3gpmovie/index.html"}
{"biaoti": "[3GP-MP4\u624b\u673a\u7535\u5f71]", "link": "http://www.ygdy8.com/html/3gp/3gpmovie/index.html"}
{"biaoti": "[3GP-MP4\u624b\u673a\u7535\u5f71]", "link": "http://www.ygdy8.com/html/3gp/3gpmovie/index.html"}
{"biaoti": "[3GP-MP4\u624b\u673a\u7535\u5f71]", "link": "http://www.ygdy8.com/html/3gp/3gpmovie/index.html"}
{"biaoti": "[3GP-MP4\u624b\u673a\u7535\u5f71]", "link": "http://www.ygdy8.com/html/3gp/3gpmovie/index.html"}
{"biaoti": "[3GP-MP4\u624b\u673a\u7535\u5f71]", "link": "http://www.ygdy8.com/html/3gp/3gpmovie/index.html"}
{"biaoti": "[3GP-MP4\u624b\u673a\u7535\u5f71]", "link": "http://www.ygdy8.com/html/3gp/3gpmovie/index.html"}
{"biaoti": "[3GP-MP4\u624b\u673a\u7535\u5f71]", "link": "http://www.ygdy8.com/html/3gp/3gpmovie/index.html"}
{"biaoti": "[3GP-MP4\u624b\u673a\u7535\u5f71]", "link": "http://www.ygdy8.com/html/3gp/3gpmovie/index.html"}
{"biaoti": "[3GP-MP4\u624b\u673a\u7535\u5f71]", "link": "http://www.ygdy8.com/html/3gp/3gpmovie/index.html"}
{"biaoti": "[3GP-MP4\u624b\u673a\u7535\u5f71]", "link": "http://www.ygdy8.com/html/3gp/3gpmovie/index.html"}
{"biaoti": "[3GP-MP4\u624b\u673a\u7535\u5f71]", "link": "http://www.ygdy8.com/html/3gp/3gpmovie/index.html"}
{"biaoti": "[3GP-MP4\u624b\u673a\u7535\u5f71]", "link": "http://www.ygdy8.com/html/3gp/3gpmovie/index.html"}
{"biaoti": "[3GP-MP4\u624b\u673a\u7535\u5f71]", "link": "http://www.ygdy8.com/html/3gp/3gpmovie/index.html"}
{"biaoti": "[3GP-MP4\u624b\u673a\u7535\u5f71]", "link": "http://www.ygdy8.com/html/3gp/3gpmovie/index.html"}
{"biaoti": "[3GP-MP4\u624b\u673a\u7535\u5f71]", "link": "http://www.ygdy8.com/html/3gp/3gpmovie/index.html"}
{"biaoti": "[3GP-MP4\u624b\u673a\u7535\u5f71]", "link": "http://www.ygdy8.com/html/3gp/3gpmovie/index.html"}
{"biaoti": "[3GP-MP4\u624b\u673a\u7535\u5f71]", "link": "http://www.ygdy8.com/html/3gp/3gpmovie/index.html"}
{"biaoti": "[3GP-MP4\u624b\u673a\u7535\u5f71]", "link": "http://www.ygdy8.com/html/3gp/3gpmovie/index.html"}
{"biaoti": "[3GP-MP4\u624b\u673a\u7535\u5f71]", "link": "http://www.ygdy8.com/html/3gp/3gpmovie/index.html"}
{"biaoti": "[3GP-MP4\u624b\u673a\u7535\u5f71]", "link": "http://www.ygdy8.com/html/3gp/3gpmovie/index.html"}
{"biaoti": "[3GP-MP4\u624b\u673a\u7535\u5f71]", "link": "http://www.ygdy8.com/html/3gp/3gpmovie/index.html"}
{"biaoti": "[3GP-MP4\u624b\u673a\u7535\u5f71]", "link": "http://www.ygdy8.com/html/3gp/3gpmovie/index.html"}
{"biaoti": "[3GP-MP4\u624b\u673a\u7535\u5f71]", "link": "http://www.ygdy8.com/html/3gp/3gpmovie/index.html"}
{"biaoti": "[3GP-MP4\u624b\u673a\u7535\u5f71]", "link": "http://www.ygdy8.com/html/3gp/3gpmovie/index.html"}
{"biaoti": "[3GP-MP4\u624b\u673a\u7535\u5f71]", "link": "http://www.ygdy8.com/html/3gp/3gpmovie/index.html"}
{"biaoti": "[3GP-MP4\u624b\u673a\u7535\u5f71]", "link": "http://www.ygdy8.com/html/3gp/3gpmovie/index.html"}
{"biaoti": "[3GP-MP4\u624b\u673a\u7535\u5f71]", "link": "http://www.ygdy8.com/html/3gp/3gpmovie/index.html"}
{"biaoti": "[3GP-MP4\u624b\u673a\u7535\u5f71]", "link": "http://www.ygdy8.com/html/3gp/3gpmovie/index.html"}
{"biaoti": "[3GP-MP4\u624b\u673a\u7535\u5f71]", "link": "http://www.ygdy8.com/html/3gp/3gpmovie/index.html"}
{"biaoti": "[3GP-MP4\u624b\u673a\u7535\u5f71]", "link": "http://www.ygdy8.com/html/3gp/3gpmovie/index.html"}
{"biaoti": "[3GP-MP4\u624b\u673a\u7535\u5f71]", "link": "http://www.ygdy8.com/html/3gp/3gpmovie/index.html"}
{"biaoti": "[3GP-MP4\u624b\u673a\u7535\u5f71]", "link": "http://www.ygdy8.com/html/3gp/3gpmovie/index.html"}
{"biaoti": "[3GP-MP4\u624b\u673a\u7535\u5f71]", "link": "http://www.ygdy8.com/html/3gp/3gpmovie/index.html"}
{"biaoti": "[3GP-MP4\u624b\u673a\u7535\u5f71]", "link": "http://www.ygdy8.com/html/3gp/3gpmovie/index.html"}
{"biaoti": "[3GP-MP4\u624b\u673a\u7535\u5f71]", "link": "http://www.ygdy8.com/html/3gp/3gpmovie/index.html"}
{"biaoti": "[3GP-MP4\u624b\u673a\u7535\u5f71]", "link": "http://www.ygdy8.com/html/3gp/3gpmovie/index.html"}
{"biaoti": "[3GP-MP4\u624b\u673a\u7535\u5f71]", "link": "http://www.ygdy8.com/html/3gp/3gpmovie/index.html"}
{"biaoti": "[3GP-MP4\u624b\u673a\u7535\u5f71]", "link": "http://www.ygdy8.com/html/3gp/3gpmovie/index.html"}
{"biaoti": "[3GP-MP4\u624b\u673a\u7535\u5f71]", "link": "http://www.ygdy8.com/html/3gp/3gpmovie/index.html"}
{"biaoti": "[3GP-MP4\u624b\u673a\u7535\u5f71]", "link": "http://www.ygdy8.com/html/3gp/3gpmovie/index.html"}
{"biaoti": "[3GP-MP4\u624b\u673a\u7535\u5f71]", "link": "http://www.ygdy8.com/html/3gp/3gpmovie/index.html"}
{"biaoti": "[3GP-MP4\u624b\u673a\u7535\u5f71]", "link": "http://www.ygdy8.com/html/3gp/3gpmovie/index.html"}
{"biaoti": "[3GP-MP4\u624b\u673a\u7535\u5f71]", "link": "http://www.ygdy8.com/html/3gp/3gpmovie/index.html"}
{"biaoti": "[3GP-MP4\u624b\u673a\u7535\u5f71]", "link": "http://www.ygdy8.com/html/3gp/3gpmovie/index.html"}
{"biaoti": "[3GP-MP4\u624b\u673a\u7535\u5f71]", "link": "http://www.ygdy8.com/html/3gp/3gpmovie/index.html"}
{"biaoti": "[3GP-MP4\u624b\u673a\u7535\u5f71]", "link": "http://www.ygdy8.com/html/3gp/3gpmovie/index.html"}
{"biaoti": "[3GP-MP4\u624b\u673a\u7535\u5f71]", "link": "http://www.ygdy8.com/html/3gp/3gpmovie/index.html"}
{"biaoti": "[3GP-MP4\u624b\u673a\u7535\u5f71]", "link": "http://www.ygdy8.com/html/3gp/3gpmovie/index.html"}
{"biaoti": "[3GP-MP4\u624b\u673a\u7535\u5f71]", "link": "http://www.ygdy8.com/html/3gp/3gpmovie/index.html"}
{"biaoti": "[3GP-MP4\u624b\u673a\u7535\u5f71]", "link": "http://www.ygdy8.com/html/3gp/3gpmovie/index.html"}
{"biaoti": "[3GP-MP4\u624b\u673a\u7535\u5f71]", "link": "http://www.ygdy8.com/html/3gp/3gpmovie/index.html"}
{"biaoti": "[3GP-MP4\u624b\u673a\u7535\u5f71]", "link": "http://www.ygdy8.com/html/3gp/3gpmovie/index.html"}
{"biaoti": "[3GP-MP4\u624b\u673a\u7535\u5f71]", "link": "http://www.ygdy8.com/html/3gp/3gpmovie/index.html"}
{"biaoti": "[3GP-MP4\u624b\u673a\u7535\u5f71]", "link": "http://www.ygdy8.com/html/3gp/3gpmovie/index.html"}
{"biaoti": "[3GP-MP4\u624b\u673a\u7535\u5f71]", "link": "http://www.ygdy8.com/html/3gp/3gpmovie/index.html"}
{"biaoti": "[3GP-MP4\u624b\u673a\u7535\u5f71]", "link": "http://www.ygdy8.com/html/3gp/3gpmovie/index.html"}
{"biaoti": "[3GP-MP4\u624b\u673a\u7535\u5f71]", "link": "http://www.ygdy8.com/html/3gp/3gpmovie/index.html"}
{"biaoti": "[3GP-MP4\u624b\u673a\u7535\u5f71]", "link": "http://www.ygdy8.com/html/3gp/3gpmovie/index.html"}
{"biaoti": "[3GP-MP4\u624b\u673a\u7535\u5f71]", "link": "http://www.ygdy8.com/html/3gp/3gpmovie/index.html"}
{"biaoti": "[3GP-MP4\u624b\u673a\u7535\u5f71]", "link": "http://www.ygdy8.com/html/3gp/3gpmovie/index.html"}
{"biaoti": "[3GP-MP4\u624b\u673a\u7535\u5f71]", "link": "http://www.ygdy8.com/html/3gp/3gpmovie/index.html"}
{"biaoti": "[3GP-MP4\u624b\u673a\u7535\u5f71]", "link": "http://www.ygdy8.com/html/3gp/3gpmovie/index.html"}
{"biaoti": "[3GP-MP4\u624b\u673a\u7535\u5f71]", "link": "http://www.ygdy8.com/html/3gp/3gpmovie/index.html"}
{"biaoti": "[3GP-MP4\u624b\u673a\u7535\u5f71]", "link": "http://www.ygdy8.com/html/3gp/3gpmovie/index.html"}
{"biaoti": "[3GP-MP4\u624b\u673a\u7535\u5f71]", "link": "http://www.ygdy8.com/html/3gp/3gpmovie/index.html"}
{"biaoti": "[3GP-MP4\u624b\u673a\u7535\u5f71]", "link": "http://www.ygdy8.com/html/3gp/3gpmovie/index.html"}
{"biaoti": "[3GP-MP4\u624b\u673a\u7535\u5f71]", "link": "http://www.ygdy8.com/html/3gp/3gpmovie/index.html"}
{"biaoti": "[3GP-MP4\u624b\u673a\u7535\u5f71]", "link": "http://www.ygdy8.com/html/3gp/3gpmovie/index.html"}
{"biaoti": "[3GP-MP4\u624b\u673a\u7535\u5f71]", "link": "http://www.ygdy8.com/html/3gp/3gpmovie/index.html"}
{"biaoti": "[3GP-MP4\u624b\u673a\u7535\u5f71]", "link": "http://www.ygdy8.com/html/3gp/3gpmovie/index.html"}
{"biaoti": "[3GP-MP4\u624b\u673a\u7535\u5f71]", "link": "http://www.ygdy8.com/html/3gp/3gpmovie/index.html"}
{"biaoti": "[3GP-MP4\u624b\u673a\u7535\u5f71]", "link": "http://www.ygdy8.com/html/3gp/3gpmovie/index.html"}
{"biaoti": "[3GP-MP4\u624b\u673a\u7535\u5f71]", "link": "http://www.ygdy8.com/html/3gp/3gpmovie/index.html"}
{"biaoti": "[3GP-MP4\u624b\u673a\u7535\u5f71]", "link": "http://www.ygdy8.com/html/3gp/3gpmovie/index.html"}
{"biaoti": "[3GP-MP4\u624b\u673a\u7535\u5f71]", "link": "http://www.ygdy8.com/html/3gp/3gpmovie/index.html"}
{"biaoti": "[3GP-MP4\u624b\u673a\u7535\u5f71]", "link": "http://www.ygdy8.com/html/3gp/3gpmovie/index.html"}
{"biaoti": "[3GP-MP4\u624b\u673a\u7535\u5f71]", "link": "http://www.ygdy8.com/html/3gp/3gpmovie/index.html"}
{"biaoti": "[3GP-MP4\u624b\u673a\u7535\u5f71]", "link": "http://www.ygdy8.com/html/3gp/3gpmovie/index.html"}
{"biaoti": "[3GP-MP4\u624b\u673a\u7535\u5f71]", "link": "http://www.ygdy8.com/html/3gp/3gpmovie/index.html"}
